timestamp,open,high,low,close,volume
2025-01-29 15:00:00,102029.94000000,102531.64000000,101953.52000000,102274.00000000,318.79828000
2025-01-29 15:15:00,102274.01000000,102359.04000000,101867.31000000,101990.00000000,179.60880000
2025-01-29 15:30:00,101990.00000000,102100.00000000,101833.81000000,101846.11000000,179.30848000
2025-01-29 15:45:00,101846.11000000,102112.50000000,101798.01000000,101980.78000000,128.24585000
2025-01-29 16:00:00,101980.78000000,102122.86000000,101780.61000000,101886.03000000,146.80464000
2025-01-29 16:15:00,101886.03000000,102023.26000000,101675.62000000,101877.99000000,204.44551000
2025-01-29 16:30:00,101877.99000000,102108.00000000,101814.18000000,102050.00000000,157.30253000
2025-01-29 16:45:00,102049.99000000,102150.00000000,101949.02000000,102092.01000000,121.59444000
2025-01-29 17:00:00,102092.00000000,102307.68000000,101995.37000000,102294.00000000,133.23330000
2025-01-29 17:15:00,102294.00000000,102444.00000000,102260.84000000,102409.10000000,157.27785000
2025-01-29 17:30:00,102409.10000000,102777.78000000,102409.10000000,102600.00000000,389.76986000
2025-01-29 17:45:00,102600.00000000,102660.84000000,102359.37000000,102406.98000000,132.07170000
2025-01-29 18:00:00,102406.97000000,102496.30000000,102008.00000000,102306.61000000,282.90499000
2025-01-29 18:15:00,102306.61000000,102590.59000000,102164.33000000,102581.40000000,114.10168000
2025-01-29 18:30:00,102581.40000000,102843.13000000,102581.39000000,102754.76000000,238.11091000
2025-01-29 18:45:00,102754.76000000,103000.00000000,102748.46000000,102854.15000000,306.82576000
2025-01-29 19:00:00,102854.14000000,102896.92000000,101650.75000000,102048.00000000,1187.50704000
2025-01-29 19:15:00,102048.01000000,102048.99000000,101400.01000000,101547.87000000,557.28036000
2025-01-29 19:30:00,101547.86000000,103999.00000000,101474.11000000,103448.29000000,2115.77321000
2025-01-29 19:45:00,103448.45000000,103916.00000000,103173.60000000,103583.99000000,1014.91402000
2025-01-29 20:00:00,103584.00000000,103769.00000000,102868.00000000,103443.44000000,788.86741000
2025-01-29 20:15:00,103443.44000000,104689.17000000,103022.00000000,104364.59000000,1134.58717000
2025-01-29 20:30:00,104365.99000000,104782.68000000,103945.75000000,104273.26000000,627.67146000
2025-01-29 20:45:00,104273.26000000,104484.70000000,104016.84000000,104193.93000000,407.11200000
2025-01-29 21:00:00,104193.92000000,104371.97000000,103743.45000000,104216.79000000,708.36183000
2025-01-29 21:15:00,104216.78000000,104374.68000000,103940.41000000,104111.00000000,368.17693000
2025-01-29 21:30:00,104111.00000000,104393.93000000,103889.00000000,103899.39000000,245.28297000
2025-01-29 21:45:00,103899.39000000,104087.42000000,103715.50000000,103741.11000000,192.14492000
2025-01-29 22:00:00,103741.11000000,103831.56000000,103414.03000000,103523.79000000,212.32992000
2025-01-29 22:15:00,103523.79000000,103771.29000000,103405.77000000,103771.28000000,132.41727000
2025-01-29 22:30:00,103771.29000000,104010.94000000,103459.25000000,103485.44000000,306.90171000
2025-01-29 22:45:00,103485.45000000,103676.00000000,103440.00000000,103492.06000000,64.16674000
2025-01-29 23:00:00,103492.07000000,104121.98000000,103460.00000000,104121.98000000,265.82305000
2025-01-29 23:15:00,104121.97000000,104344.64000000,103959.76000000,104194.64000000,161.56994000
2025-01-29 23:30:00,104194.65000000,104205.00000000,103807.04000000,103823.56000000,115.33249000
2025-01-29 23:45:00,103823.56000000,103944.00000000,103646.47000000,103733.24000000,111.72808000
2025-01-30 00:00:00,103733.25000000,103818.69000000,103518.51000000,103576.45000000,278.19054000
2025-01-30 00:15:00,103576.45000000,103715.59000000,103486.00000000,103546.00000000,106.91338000
2025-01-30 00:30:00,103546.00000000,103789.39000000,103278.54000000,103638.30000000,230.79062000
2025-01-30 00:45:00,103638.31000000,104123.36000000,103616.70000000,104026.04000000,181.62472000
2025-01-30 01:00:00,104026.05000000,104162.15000000,103925.00000000,104162.15000000,105.51152000
2025-01-30 01:15:00,104162.14000000,104499.00000000,104136.01000000,104372.22000000,229.42631000
2025-01-30 01:30:00,104372.23000000,104555.00000000,104148.79000000,104336.00000000,329.26541000
2025-01-30 01:45:00,104335.99000000,104363.93000000,104180.58000000,104264.15000000,109.56021000
2025-01-30 02:00:00,104264.15000000,104279.49000000,103994.46000000,104122.00000000,129.14057000
2025-01-30 02:15:00,104122.00000000,104360.13000000,104048.16000000,104360.13000000,157.72229000
2025-01-30 02:30:00,104360.13000000,104595.34000000,104300.00000000,104393.81000000,297.84860000
2025-01-30 02:45:00,104393.81000000,104668.35000000,104325.92000000,104663.19000000,239.05357000
2025-01-30 03:00:00,104663.19000000,104748.00000000,104493.16000000,104724.11000000,201.10090000
2025-01-30 03:15:00,104724.10000000,104724.11000000,104550.38000000,104683.55000000,167.76461000
2025-01-30 03:30:00,104683.56000000,104944.45000000,104676.00000000,104904.81000000,261.76131000
2025-01-30 03:45:00,104904.81000000,105300.00000000,104877.71000000,105196.00000000,851.22861000
2025-01-30 04:00:00,105196.00000000,105288.63000000,104897.86000000,104972.01000000,214.75050000
2025-01-30 04:15:00,104972.00000000,105162.78000000,104900.57000000,105069.61000000,148.89649000
2025-01-30 04:30:00,105069.62000000,105182.35000000,104842.37000000,105182.34000000,157.80808000
2025-01-30 04:45:00,105182.34000000,105595.81000000,105094.33000000,105478.00000000,337.37805000
2025-01-30 05:00:00,105478.00000000,105520.00000000,105210.50000000,105373.94000000,266.39101000
2025-01-30 05:15:00,105373.93000000,105480.16000000,105236.00000000,105304.76000000,116.41349000
2025-01-30 05:30:00,105304.76000000,105364.00000000,105118.06000000,105188.03000000,122.39377000
2025-01-30 05:45:00,105188.02000000,105375.71000000,104996.97000000,105375.70000000,300.70193000
2025-01-30 06:00:00,105375.70000000,105580.16000000,105346.12000000,105506.02000000,245.12620000
2025-01-30 06:15:00,105506.01000000,105506.01000000,105208.01000000,105212.76000000,92.45157000
2025-01-30 06:30:00,105212.76000000,105297.59000000,105163.44000000,105181.77000000,108.39371000
2025-01-30 06:45:00,105181.77000000,105245.28000000,105164.76000000,105184.37000000,106.53499000
2025-01-30 07:00:00,105184.38000000,105348.00000000,104831.98000000,104895.71000000,230.49006000
2025-01-30 07:15:00,104895.72000000,105071.80000000,104895.72000000,105007.97000000,100.64721000
2025-01-30 07:30:00,105007.96000000,105007.97000000,104799.66000000,104913.46000000,133.22000000
2025-01-30 07:45:00,104913.46000000,105160.95000000,104873.31000000,105132.07000000,113.48788000
2025-01-30 08:00:00,105132.07000000,105368.84000000,105004.84000000,105011.08000000,213.62875000
2025-01-30 08:15:00,105011.07000000,105243.17000000,104925.26000000,105167.01000000,89.39997000
2025-01-30 08:30:00,105167.01000000,105194.95000000,105014.90000000,105120.00000000,75.00874000
2025-01-30 08:45:00,105120.01000000,105291.14000000,105060.00000000,105060.01000000,94.10070000
2025-01-30 09:00:00,105060.01000000,105218.00000000,105021.36000000,105187.55000000,106.43489000
2025-01-30 09:15:00,105187.55000000,105293.95000000,105162.49000000,105293.94000000,97.99571000
2025-01-30 09:30:00,105293.95000000,105499.99000000,105278.05000000,105436.07000000,151.77316000
2025-01-30 09:45:00,105436.07000000,105534.00000000,105373.17000000,105412.05000000,144.97213000
2025-01-30 10:00:00,105412.05000000,105412.06000000,105117.63000000,105213.94000000,168.09649000
2025-01-30 10:15:00,105213.93000000,105261.36000000,105132.07000000,105258.02000000,85.83923000
2025-01-30 10:30:00,105258.01000000,105317.65000000,105186.55000000,105226.12000000,48.19504000
2025-01-30 10:45:00,105226.12000000,105364.00000000,105200.00000000,105345.40000000,61.15985000
2025-01-30 11:00:00,105345.41000000,105345.41000000,105078.01000000,105136.92000000,105.84935000
2025-01-30 11:15:00,105136.92000000,105236.61000000,105080.88000000,105123.99000000,66.24839000
2025-01-30 11:30:00,105123.99000000,105349.00000000,105109.65000000,105264.01000000,60.71271000
2025-01-30 11:45:00,105264.01000000,105392.00000000,105207.54000000,105300.63000000,120.80072000
2025-01-30 12:00:00,105300.63000000,105312.93000000,105112.00000000,105112.01000000,97.10953000
2025-01-30 12:15:00,105112.00000000,105142.62000000,105000.00000000,105036.08000000,119.10374000
2025-01-30 12:30:00,105036.09000000,105110.37000000,104880.00000000,104894.90000000,129.51711000
2025-01-30 12:45:00,104894.91000000,105083.97000000,104836.85000000,105020.00000000,94.35418000
2025-01-30 13:00:00,105020.01000000,105128.55000000,104929.72000000,105074.38000000,96.21418000
2025-01-30 13:15:00,105074.39000000,105367.57000000,105074.39000000,105259.15000000,235.60120000
2025-01-30 13:30:00,105259.14000000,105337.43000000,104915.40000000,105043.05000000,255.87522000
2025-01-30 13:45:00,105043.04000000,105043.13000000,104836.58000000,104879.99000000,218.38002000
2025-01-30 14:00:00,104879.99000000,105044.40000000,104660.00000000,104836.00000000,310.46567000
2025-01-30 14:15:00,104836.00000000,104982.98000000,104733.33000000,104909.42000000,192.33444000
2025-01-30 14:30:00,104909.42000000,105241.00000000,104768.48000000,105157.77000000,316.17834000
2025-01-30 14:45:00,105157.15000000,106222.08000000,105148.26000000,105920.57000000,1393.15900000
2025-01-30 15:00:00,105920.57000000,106457.44000000,105751.01000000,106236.47000000,858.98898000
2025-01-30 15:15:00,106236.47000000,106236.48000000,105353.85000000,105498.30000000,569.32602000
2025-01-30 15:30:00,105498.30000000,105989.00000000,105450.00000000,105828.81000000,296.04672000
2025-01-30 15:45:00,105828.82000000,106165.15000000,105459.64000000,105564.00000000,404.15713000
2025-01-30 16:00:00,105563.99000000,105849.98000000,105455.30000000,105638.30000000,248.85288000
2025-01-30 16:15:00,105638.29000000,106004.48000000,105544.00000000,105948.73000000,348.59595000
2025-01-30 16:30:00,105948.73000000,106013.01000000,105687.01000000,105795.68000000,256.51760000
2025-01-30 16:45:00,105795.68000000,105843.68000000,105624.53000000,105696.96000000,138.34753000
2025-01-30 17:00:00,105696.96000000,105698.27000000,105272.72000000,105335.41000000,253.25501000
2025-01-30 17:15:00,105335.40000000,105452.85000000,105111.00000000,105131.77000000,167.74873000
2025-01-30 17:30:00,105131.76000000,105216.46000000,104900.14000000,105018.14000000,283.62433000
2025-01-30 17:45:00,105018.13000000,105333.06000000,105018.13000000,105300.01000000,153.85892000
2025-01-30 18:00:00,105300.01000000,105330.95000000,105153.14000000,105215.69000000,146.18649000
2025-01-30 18:15:00,105215.68000000,105261.99000000,104762.59000000,104910.75000000,202.95621000
2025-01-30 18:30:00,104910.75000000,105496.00000000,104888.85000000,105395.19000000,161.35426000
2025-01-30 18:45:00,105395.20000000,105583.39000000,105338.00000000,105578.95000000,158.97265000
2025-01-30 19:00:00,105578.96000000,105632.25000000,105450.98000000,105472.86000000,170.06059000
2025-01-30 19:15:00,105472.86000000,105504.00000000,105231.58000000,105410.77000000,170.27050000
2025-01-30 19:30:00,105410.78000000,105480.37000000,105244.47000000,105480.36000000,139.59448000
2025-01-30 19:45:00,105480.36000000,105776.87000000,105404.00000000,105711.27000000,142.55700000
2025-01-30 20:00:00,105711.28000000,105810.82000000,105659.92000000,105772.32000000,171.35128000
2025-01-30 20:15:00,105772.32000000,105821.62000000,105642.06000000,105653.05000000,180.49804000
2025-01-30 20:30:00,105653.05000000,105669.48000000,104900.00000000,104900.00000000,374.05721000
2025-01-30 20:45:00,104900.00000000,105280.09000000,104815.82000000,104907.15000000,392.52100000
2025-01-30 21:00:00,104907.10000000,105054.71000000,104805.15000000,104966.28000000,197.96355000
2025-01-30 21:15:00,104966.28000000,105200.00000000,104963.11000000,105006.73000000,84.01036000
2025-01-30 21:30:00,105006.73000000,105217.17000000,104929.86000000,105142.01000000,133.57763000
2025-01-30 21:45:00,105141.53000000,105159.84000000,104999.30000000,105048.89000000,73.30181000
2025-01-30 22:00:00,105048.89000000,105106.38000000,104962.11000000,105091.28000000,79.90795000
2025-01-30 22:15:00,105091.27000000,105126.28000000,105079.69000000,105087.17000000,51.23436000
2025-01-30 22:30:00,105087.17000000,105351.29000000,105087.16000000,105320.01000000,76.08088000
2025-01-30 22:45:00,105320.00000000,105320.01000000,105079.20000000,105094.56000000,72.30248000
2025-01-30 23:00:00,105094.57000000,105240.00000000,105049.94000000,105070.91000000,89.28378000
2025-01-30 23:15:00,105070.91000000,105254.00000000,105070.90000000,105202.44000000,45.95179000
2025-01-30 23:30:00,105202.44000000,105202.45000000,104980.00000000,104980.00000000,98.41898000
2025-01-30 23:45:00,104980.01000000,104980.01000000,104693.82000000,104722.94000000,161.84507000
2025-01-31 00:00:00,104722.94000000,104850.00000000,104535.00000000,104564.92000000,181.55202000
2025-01-31 00:15:00,104564.93000000,104828.00000000,104400.00000000,104763.56000000,244.44116000
2025-01-31 00:30:00,104763.56000000,104901.97000000,104679.41000000,104856.29000000,142.16702000
2025-01-31 00:45:00,104856.29000000,105029.72000000,104830.57000000,104898.49000000,83.85886000
2025-01-31 01:00:00,104898.48000000,104908.15000000,104704.92000000,104759.60000000,87.80971000
2025-01-31 01:15:00,104759.60000000,104770.99000000,104420.97000000,104499.17000000,107.81027000
2025-01-31 01:30:00,104499.17000000,104691.81000000,104499.16000000,104660.71000000,89.85624000
2025-01-31 01:45:00,104660.71000000,104767.67000000,104541.01000000,104729.58000000,108.27440000
2025-01-31 02:00:00,104729.95000000,104851.99000000,104702.60000000,104709.71000000,154.32587000
2025-01-31 02:15:00,104709.70000000,104723.43000000,104331.00000000,104368.72000000,129.99271000
2025-01-31 02:30:00,104368.49000000,104485.00000000,104255.01000000,104417.00000000,183.35601000
2025-01-31 02:45:00,104417.00000000,104484.99000000,104334.82000000,104341.72000000,116.11534000
2025-01-31 03:00:00,104341.73000000,104341.73000000,103998.30000000,104218.92000000,332.74961000
2025-01-31 03:15:00,104218.91000000,104218.92000000,103930.09000000,104106.01000000,264.40107000
2025-01-31 03:30:00,104106.00000000,104235.14000000,104000.00000000,104184.70000000,177.71865000
2025-01-31 03:45:00,104184.70000000,104377.76000000,104184.70000000,104344.46000000,106.11893000
2025-01-31 04:00:00,104344.46000000,104360.41000000,104283.03000000,104319.20000000,55.04481000
2025-01-31 04:15:00,104319.21000000,104547.24000000,104177.16000000,104500.36000000,81.58522000
2025-01-31 04:30:00,104500.35000000,104520.39000000,104205.59000000,104244.00000000,93.97590000
2025-01-31 04:45:00,104244.01000000,104244.01000000,103972.13000000,104007.58000000,164.44537000
2025-01-31 05:00:00,104007.59000000,104467.06000000,104007.59000000,104380.01000000,117.79087000
2025-01-31 05:15:00,104380.01000000,104484.09000000,104380.00000000,104418.86000000,61.51159000
2025-01-31 05:30:00,104418.87000000,104441.80000000,104323.91000000,104340.33000000,45.69661000
2025-01-31 05:45:00,104340.34000000,104364.37000000,104258.29000000,104319.87000000,134.47672000
2025-01-31 06:00:00,104319.87000000,104500.00000000,104298.73000000,104431.38000000,94.87598000
2025-01-31 06:15:00,104431.38000000,104557.34000000,104431.37000000,104539.84000000,50.19916000
2025-01-31 06:30:00,104539.83000000,104631.95000000,104521.08000000,104605.44000000,77.19308000
2025-01-31 06:45:00,104605.44000000,104745.10000000,104509.80000000,104511.02000000,105.58495000
2025-01-31 07:00:00,104511.03000000,104638.30000000,104470.58000000,104627.46000000,80.70927000
2025-01-31 07:15:00,104627.45000000,104814.46000000,104627.45000000,104676.71000000,84.08064000
2025-01-31 07:30:00,104676.71000000,104676.72000000,104263.47000000,104291.07000000,239.82635000
2025-01-31 07:45:00,104291.06000000,104291.06000000,104002.01000000,104188.56000000,381.94215000
2025-01-31 08:00:00,104188.57000000,104321.98000000,104116.03000000,104116.04000000,137.74568000
2025-01-31 08:15:00,104116.04000000,104318.76000000,104013.63000000,104083.56000000,143.00073000
2025-01-31 08:30:00,104083.55000000,104252.60000000,104036.90000000,104233.23000000,51.89005000
2025-01-31 08:45:00,104233.23000000,104233.23000000,104023.91000000,104028.78000000,109.35525000
2025-01-31 09:00:00,104028.79000000,104138.99000000,103950.01000000,103950.23000000,169.61095000
2025-01-31 09:15:00,103950.23000000,104230.52000000,103936.54000000,104193.63000000,187.49241000
2025-01-31 09:30:00,104193.64000000,104329.73000000,104142.58000000,104176.01000000,144.42698000
2025-01-31 09:45:00,104176.02000000,104262.27000000,104119.15000000,104256.56000000,176.40326000
2025-01-31 10:00:00,104256.57000000,104310.53000000,104208.00000000,104249.99000000,57.53121000
2025-01-31 10:15:00,104250.00000000,104310.52000000,104080.10000000,104153.96000000,83.14344000
2025-01-31 10:30:00,104153.96000000,104300.00000000,104100.64000000,104299.99000000,66.98814000
2025-01-31 10:45:00,104299.99000000,104431.49000000,104272.00000000,104284.10000000,90.91494000
2025-01-31 11:00:00,104284.10000000,104732.51000000,104284.10000000,104725.02000000,203.22098000
2025-01-31 11:15:00,104725.02000000,104848.65000000,104610.06000000,104823.50000000,165.81315000
2025-01-31 11:30:00,104823.50000000,104823.50000000,104627.92000000,104741.12000000,114.39309000
2025-01-31 11:45:00,104741.13000000,104817.57000000,104551.35000000,104736.00000000,90.87994000
2025-01-31 12:00:00,104736.01000000,104757.45000000,104612.07000000,104691.88000000,146.05817000
2025-01-31 12:15:00,104691.88000000,104918.30000000,104669.55000000,104705.89000000,147.89239000
2025-01-31 12:30:00,104705.89000000,104726.96000000,104553.71000000,104619.74000000,224.70768000
2025-01-31 12:45:00,104619.74000000,104773.04000000,104619.73000000,104704.68000000,94.83006000
2025-01-31 13:00:00,104704.69000000,105036.03000000,104704.68000000,104902.05000000,203.89483000
2025-01-31 13:15:00,104902.05000000,104951.43000000,104750.01000000,104862.74000000,131.56628000
2025-01-31 13:30:00,104862.74000000,104939.99000000,104551.09000000,104635.84000000,231.37644000
2025-01-31 13:45:00,104635.83000000,104732.00000000,104563.04000000,104664.02000000,93.23005000
2025-01-31 14:00:00,104664.01000000,104760.23000000,104549.01000000,104664.06000000,159.25864000
2025-01-31 14:15:00,104664.06000000,104768.71000000,104470.58000000,104721.31000000,150.28813000
2025-01-31 14:30:00,104721.31000000,104860.00000000,104169.00000000,104485.11000000,506.36785000
2025-01-31 14:45:00,104485.12000000,104523.92000000,104106.00000000,104442.79000000,248.70130000
2025-01-31 15:00:00,104443.99000000,104981.52000000,104443.99000000,104869.49000000,345.15842000
2025-01-31 15:15:00,104869.49000000,105200.00000000,104565.21000000,105166.25000000,624.76527000
2025-01-31 15:30:00,105166.24000000,105848.92000000,105104.53000000,105641.98000000,851.26054000
2025-01-31 15:45:00,105641.99000000,106012.00000000,105381.53000000,105464.01000000,670.29617000
2025-01-31 16:00:00,105464.00000000,105574.40000000,105120.01000000,105240.00000000,377.52157000
2025-01-31 16:15:00,105240.00000000,105312.00000000,104696.23000000,104804.01000000,385.44757000
2025-01-31 16:30:00,104804.01000000,105098.76000000,104795.26000000,104988.04000000,266.84718000
2025-01-31 16:45:00,104988.04000000,105101.06000000,104975.00000000,105081.87000000,221.35048000
2025-01-31 17:00:00,105081.86000000,105081.87000000,104542.00000000,104835.36000000,237.53647000
2025-01-31 17:15:00,104835.35000000,104995.75000000,104688.00000000,104995.75000000,165.57058000
2025-01-31 17:30:00,104995.75000000,105025.92000000,104627.45000000,104757.30000000,165.50040000
2025-01-31 17:45:00,104757.29000000,104823.48000000,104580.87000000,104580.87000000,131.89076000
2025-01-31 18:00:00,104580.87000000,104772.63000000,104499.37000000,104772.31000000,137.89930000
2025-01-31 18:15:00,104772.31000000,104820.00000000,104000.00000000,104018.68000000,427.66092000
2025-01-31 18:30:00,104018.67000000,104018.67000000,103000.01000000,103096.27000000,1020.13046000
2025-01-31 18:45:00,103096.27000000,103181.81000000,102605.00000000,102627.29000000,872.38321000
2025-01-31 19:00:00,102627.29000000,103016.66000000,102505.00000000,102670.00000000,587.46265000
2025-01-31 19:15:00,102670.00000000,102959.37000000,102138.80000000,102508.33000000,575.69984000
2025-01-31 19:30:00,102508.33000000,102659.45000000,102263.12000000,102350.00000000,376.84432000
2025-01-31 19:45:00,102350.01000000,102527.92000000,102122.00000000,102312.32000000,427.10261000
2025-01-31 20:00:00,102312.31000000,102312.31000000,102059.02000000,102118.09000000,330.23745000
2025-01-31 20:15:00,102118.10000000,102271.67000000,101694.87000000,101938.43000000,637.49710000
2025-01-31 20:30:00,101938.42000000,102321.42000000,101770.15000000,101855.27000000,443.10957000
2025-01-31 20:45:00,101855.26000000,102077.77000000,101603.23000000,101680.02000000,598.69625000
2025-01-31 21:00:00,101680.02000000,101948.96000000,101617.47000000,101654.83000000,263.40980000
2025-01-31 21:15:00,101654.84000000,101863.15000000,101608.00000000,101625.31000000,287.54566000
2025-01-31 21:30:00,101625.32000000,101958.88000000,101560.00000000,101896.01000000,294.74595000
2025-01-31 21:45:00,101896.01000000,102166.11000000,101784.68000000,102148.73000000,201.87326000
2025-01-31 22:00:00,102148.72000000,102241.64000000,101918.46000000,101995.10000000,173.91737000
2025-01-31 22:15:00,101995.10000000,102380.66000000,101949.39000000,102366.06000000,148.55783000
2025-01-31 22:30:00,102366.07000000,102480.00000000,102241.24000000,102473.48000000,220.67319000
2025-01-31 22:45:00,102473.49000000,102482.94000000,102050.00000000,102261.30000000,216.80883000
2025-01-31 23:00:00,102261.29000000,102261.29000000,101955.00000000,102143.20000000,240.07910000
2025-01-31 23:15:00,102143.21000000,102268.05000000,102119.12000000,102268.05000000,124.31224000
2025-01-31 23:30:00,102268.04000000,102290.99000000,102089.84000000,102290.99000000,89.04151000
2025-01-31 23:45:00,102290.99000000,102439.31000000,102230.04000000,102429.56000000,133.87954000
2025-02-01 00:00:00,102429.56000000,102570.64000000,102274.50000000,102531.98000000,140.40530000
2025-02-01 00:15:00,102531.98000000,102575.06000000,102274.50000000,102282.28000000,130.71293000
2025-02-01 00:30:00,102282.29000000,102499.00000000,102213.07000000,102458.65000000,130.45236000
2025-02-01 00:45:00,102458.64000000,102515.00000000,102354.97000000,102494.94000000,136.55117000
2025-02-01 01:00:00,102494.94000000,102612.37000000,102460.33000000,102606.03000000,105.60574000
2025-02-01 01:15:00,102606.03000000,102710.38000000,102550.00000000,102710.38000000,117.32010000
2025-02-01 01:30:00,102710.37000000,102780.27000000,102613.14000000,102778.00000000,147.65290000
2025-02-01 01:45:00,102778.99000000,102779.00000000,102532.50000000,102566.00000000,130.85956000
2025-02-01 02:00:00,102566.00000000,102697.17000000,102408.95000000,102684.15000000,132.58634000
2025-02-01 02:15:00,102684.15000000,102783.71000000,102684.14000000,102706.53000000,68.41081000
2025-02-01 02:30:00,102706.53000000,102711.69000000,102588.23000000,102662.33000000,71.03783000
2025-02-01 02:45:00,102662.34000000,102702.59000000,102400.00000000,102467.77000000,164.00020000
2025-02-01 03:00:00,102466.96000000,102518.42000000,102300.00000000,102425.61000000,104.57611000
2025-02-01 03:15:00,102425.62000000,102438.81000000,102334.01000000,102346.00000000,47.30216000
2025-02-01 03:30:00,102346.00000000,102360.00000000,102198.52000000,102261.22000000,111.31208000
2025-02-01 03:45:00,102261.22000000,102289.99000000,102218.34000000,102249.19000000,71.55726000
2025-02-01 04:00:00,102249.19000000,102331.16000000,102118.56000000,102201.01000000,105.88332000
2025-02-01 04:15:00,102201.00000000,102259.97000000,102170.33000000,102238.06000000,65.89905000
2025-02-01 04:30:00,102238.07000000,102503.03000000,102236.55000000,102493.77000000,99.88593000
2025-02-01 04:45:00,102493.77000000,102493.77000000,102310.86000000,102316.16000000,50.62701000
2025-02-01 05:00:00,102316.15000000,102382.25000000,102235.29000000,102352.40000000,90.49733000
2025-02-01 05:15:00,102352.39000000,102479.48000000,102348.00000000,102479.47000000,45.36391000
2025-02-01 05:30:00,102479.47000000,102588.57000000,102437.11000000,102549.01000000,55.41665000
2025-02-01 05:45:00,102549.02000000,102551.56000000,102481.50000000,102500.00000000,63.40708000
2025-02-01 06:00:00,102500.00000000,102577.12000000,102429.59000000,102429.60000000,51.62716000
2025-02-01 06:15:00,102429.59000000,102429.59000000,102313.72000000,102354.90000000,52.48607000
2025-02-01 06:30:00,102354.89000000,102446.14000000,102250.00000000,102294.07000000,60.80456000
2025-02-01 06:45:00,102294.07000000,102402.91000000,102184.46000000,102402.91000000,67.05304000
2025-02-01 07:00:00,102402.91000000,102494.69000000,102369.26000000,102443.36000000,52.95905000
2025-02-01 07:15:00,102443.36000000,102443.37000000,102265.55000000,102301.44000000,69.47769000
2025-02-01 07:30:00,102301.44000000,102380.00000000,102196.07000000,102196.08000000,58.18072000
2025-02-01 07:45:00,102196.08000000,102273.33000000,102161.82000000,102166.49000000,62.64944000
2025-02-01 08:00:00,102166.49000000,102276.99000000,102166.48000000,102205.63000000,66.35876000
2025-02-01 08:15:00,102205.64000000,102205.64000000,101952.00000000,102009.26000000,300.11995000
2025-02-01 08:30:00,102009.27000000,102051.98000000,101911.78000000,102011.05000000,126.38383000
2025-02-01 08:45:00,102011.06000000,102053.14000000,101836.43000000,102016.85000000,156.78763000
2025-02-01 09:00:00,102016.85000000,102016.85000000,101800.01000000,101800.01000000,121.34335000
2025-02-01 09:15:00,101800.02000000,101939.99000000,101800.01000000,101865.14000000,71.34585000
2025-02-01 09:30:00,101865.14000000,101889.99000000,101601.38000000,101620.29000000,203.11352000
2025-02-01 09:45:00,101620.29000000,101692.50000000,101412.00000000,101675.99000000,242.20532000
2025-02-01 10:00:00,101675.99000000,101883.33000000,101675.99000000,101820.00000000,104.74573000
2025-02-01 10:15:00,101820.01000000,101939.49000000,101708.08000000,101872.03000000,111.13195000
2025-02-01 10:30:00,101872.02000000,101984.99000000,101776.00000000,101776.00000000,97.55314000
2025-02-01 10:45:00,101776.01000000,101833.63000000,101626.82000000,101638.00000000,98.44375000
2025-02-01 11:00:00,101638.00000000,101881.44000000,101638.00000000,101881.43000000,76.35855000
2025-02-01 11:15:00,101881.43000000,102026.79000000,101881.43000000,101980.68000000,79.39119000
2025-02-01 11:30:00,101980.67000000,102048.00000000,101900.00000000,101959.99000000,114.68458000
2025-02-01 11:45:00,101959.99000000,102055.98000000,101879.75000000,102028.81000000,59.17794000
2025-02-01 12:00:00,102028.82000000,102150.00000000,102009.12000000,102096.94000000,105.72457000
2025-02-01 12:15:00,102096.93000000,102205.30000000,102041.99000000,102178.60000000,115.58653000
2025-02-01 12:30:00,102178.61000000,102290.00000000,102156.22000000,102238.93000000,143.08392000
2025-02-01 12:45:00,102238.93000000,102329.01000000,102219.54000000,102277.71000000,85.39133000
2025-02-01 13:00:00,102277.71000000,102277.71000000,102163.56000000,102257.96000000,69.26993000
2025-02-01 13:15:00,102257.96000000,102278.00000000,102203.09000000,102246.00000000,86.34566000
2025-02-01 13:30:00,102245.99000000,102284.46000000,102191.66000000,102196.08000000,89.26420000
2025-02-01 13:45:00,102196.08000000,102196.08000000,101799.90000000,101869.02000000,202.96768000
2025-02-01 14:00:00,101869.04000000,102084.89000000,101812.00000000,101960.79000000,124.29971000
2025-02-01 14:15:00,101960.78000000,102119.24000000,101855.97000000,102111.18000000,89.16962000
2025-02-01 14:30:00,102111.17000000,102173.45000000,102021.60000000,102025.37000000,115.69871000
2025-02-01 14:45:00,102025.38000000,102035.58000000,101827.52000000,101827.53000000,105.11205000
2025-02-01 15:00:00,101827.53000000,102059.66000000,101730.79000000,101919.05000000,141.91084000
2025-02-01 15:15:00,101919.04000000,102005.34000000,101790.01000000,102005.33000000,61.15915000
2025-02-01 15:30:00,102005.34000000,102120.54000000,101959.57000000,102078.44000000,81.44915000
2025-02-01 15:45:00,102078.44000000,102185.94000000,102020.00000000,102073.89000000,88.24214000
2025-02-01 16:00:00,102073.89000000,102209.98000000,102039.21000000,102063.38000000,80.45881000
2025-02-01 16:15:00,102063.39000000,102119.15000000,101906.59000000,102086.24000000,104.81909000
2025-02-01 16:30:00,102086.24000000,102113.91000000,102023.55000000,102024.01000000,40.88105000
2025-02-01 16:45:00,102024.00000000,102072.80000000,101863.77000000,101892.32000000,87.68776000
2025-02-01 17:00:00,101892.32000000,102174.54000000,101892.32000000,102117.64000000,99.99179000
2025-02-01 17:15:00,102117.65000000,102297.99000000,102078.41000000,102212.44000000,137.46077000
2025-02-01 17:30:00,102212.45000000,102232.01000000,102094.00000000,102141.41000000,43.66542000
2025-02-01 17:45:00,102141.42000000,102287.30000000,102141.04000000,102262.49000000,39.78398000
2025-02-01 18:00:00,102262.50000000,102279.52000000,102209.99000000,102233.23000000,44.72035000
2025-02-01 18:15:00,102233.24000000,102239.99000000,102107.93000000,102154.24000000,55.33984000
2025-02-01 18:30:00,102154.23000000,102200.79000000,102044.00000000,102102.08000000,54.47153000
2025-02-01 18:45:00,102102.07000000,102154.24000000,101965.24000000,102003.70000000,56.61656000
2025-02-01 19:00:00,102003.70000000,102023.63000000,101799.82000000,101872.00000000,121.81572000
2025-02-01 19:15:00,101872.01000000,102004.49000000,101777.56000000,101806.86000000,103.20805000
2025-02-01 19:30:00,101806.86000000,101856.44000000,101489.18000000,101557.32000000,270.05769000
2025-02-01 19:45:00,101557.32000000,101702.66000000,101448.00000000,101669.60000000,131.60217000
2025-02-01 20:00:00,101669.60000000,101669.60000000,101233.01000000,101292.83000000,304.71818000
2025-02-01 20:15:00,101292.82000000,101531.25000000,101151.25000000,101215.93000000,423.23426000
2025-02-01 20:30:00,101215.93000000,101326.91000000,101110.00000000,101298.64000000,265.36740000
2025-02-01 20:45:00,101298.64000000,101532.39000000,101000.00000000,101333.34000000,289.82631000
2025-02-01 21:00:00,101333.34000000,101529.99000000,101176.70000000,101473.74000000,136.51323000
2025-02-01 21:15:00,101473.75000000,101578.04000000,101444.90000000,101480.68000000,141.75027000
2025-02-01 21:30:00,101480.68000000,101490.20000000,101247.96000000,101370.62000000,116.85363000
2025-02-01 21:45:00,101370.61000000,101388.00000000,101001.00000000,101199.82000000,229.33179000
2025-02-01 22:00:00,101199.81000000,101428.00000000,101052.35000000,101070.05000000,148.36172000
2025-02-01 22:15:00,101070.04000000,101118.72000000,100666.00000000,100730.00000000,388.62778000
2025-02-01 22:30:00,100730.00000000,100929.12000000,100555.00000000,100902.22000000,279.65006000
2025-02-01 22:45:00,100902.21000000,100968.18000000,100510.00000000,100666.91000000,203.06913000
2025-02-01 23:00:00,100666.90000000,100684.00000000,100384.00000000,100389.11000000,490.37271000
2025-02-01 23:15:00,100389.11000000,100560.61000000,100279.51000000,100517.70000000,431.53871000
2025-02-01 23:30:00,100517.69000000,100871.45000000,100462.90000000,100818.02000000,220.78187000
2025-02-01 23:45:00,100818.02000000,100839.45000000,100600.88000000,100635.65000000,151.99875000
2025-02-02 00:00:00,100635.66000000,100898.00000000,100500.00000000,100849.98000000,224.98670000
2025-02-02 00:15:00,100849.98000000,101180.01000000,100778.53000000,101150.47000000,131.11613000
2025-02-02 00:30:00,101150.46000000,101266.10000000,101058.82000000,101250.38000000,173.99392000
2025-02-02 00:45:00,101250.38000000,101288.51000000,101137.25000000,101243.86000000,94.99244000
2025-02-02 01:00:00,101243.86000000,101390.87000000,101185.82000000,101353.75000000,84.02663000
2025-02-02 01:15:00,101353.75000000,101456.60000000,101319.60000000,101374.59000000,99.35818000
2025-02-02 01:30:00,101374.60000000,101381.12000000,101209.51000000,101372.53000000,72.06062000
2025-02-02 01:45:00,101372.52000000,101382.25000000,101165.10000000,101248.38000000,101.33008000
2025-02-02 02:00:00,101248.38000000,101271.32000000,100919.10000000,100930.22000000,175.09922000
2025-02-02 02:15:00,100930.23000000,101092.00000000,100769.18000000,100930.32000000,148.97119000
2025-02-02 02:30:00,100930.33000000,100930.33000000,100648.30000000,100774.80000000,141.16126000
2025-02-02 02:45:00,100774.80000000,100774.80000000,100425.00000000,100452.16000000,246.21575000
2025-02-02 03:00:00,100452.16000000,100755.93000000,99835.02000000,99976.63000000,1274.40356000
2025-02-02 03:15:00,99976.63000000,100156.17000000,99418.50000000,99612.00000000,750.16074000
2025-02-02 03:30:00,99611.99000000,99754.69000000,99349.90000000,99493.52000000,428.05822000
2025-02-02 03:45:00,99493.51000000,99722.14000000,99148.91000000,99206.86000000,419.41174000
2025-02-02 04:00:00,99206.85000000,99555.23000000,99031.19000000,99276.99000000,367.47517000
2025-02-02 04:15:00,99277.00000000,99681.67000000,99077.74000000,99539.09000000,419.51827000
2025-02-02 04:30:00,99539.08000000,99794.13000000,99465.62000000,99764.87000000,243.44926000
2025-02-02 04:45:00,99764.87000000,99884.00000000,99538.37000000,99538.60000000,216.92182000
2025-02-02 05:00:00,99538.60000000,99804.00000000,99500.00000000,99658.00000000,139.54281000
2025-02-02 05:15:00,99658.22000000,99982.38000000,99600.00000000,99820.64000000,178.21400000
2025-02-02 05:30:00,99820.64000000,100264.47000000,99804.01000000,100239.99000000,254.91304000
2025-02-02 05:45:00,100239.99000000,100342.69000000,100126.81000000,100259.53000000,141.55887000
2025-02-02 06:00:00,100259.53000000,100364.00000000,100094.69000000,100292.00000000,171.05382000
2025-02-02 06:15:00,100292.01000000,100515.99000000,100208.82000000,100488.01000000,196.61994000
2025-02-02 06:30:00,100488.01000000,100488.02000000,100319.86000000,100463.65000000,137.61188000
2025-02-02 06:45:00,100463.64000000,100463.64000000,100238.90000000,100265.15000000,147.31858000
2025-02-02 07:00:00,100265.15000000,100277.54000000,100080.00000000,100244.02000000,181.53685000
2025-02-02 07:15:00,100244.01000000,100260.25000000,99781.62000000,99886.45000000,156.38308000
2025-02-02 07:30:00,99886.46000000,99959.65000000,99649.51000000,99766.22000000,305.73508000
2025-02-02 07:45:00,99766.21000000,99836.23000000,99565.60000000,99643.30000000,220.93091000
2025-02-02 08:00:00,99643.30000000,99842.29000000,99400.24000000,99412.75000000,238.96116000
2025-02-02 08:15:00,99412.75000000,99820.34000000,99315.91000000,99753.74000000,345.45117000
2025-02-02 08:30:00,99753.74000000,100100.00000000,99753.74000000,100000.01000000,209.12795000
2025-02-02 08:45:00,100000.01000000,100057.31000000,99655.50000000,99831.04000000,124.32960000
2025-02-02 09:00:00,99831.05000000,99831.05000000,99574.08000000,99771.08000000,150.82975000
2025-02-02 09:15:00,99771.08000000,99774.59000000,99352.94000000,99562.01000000,277.17918000
2025-02-02 09:30:00,99562.00000000,99852.00000000,99495.14000000,99816.68000000,124.35635000
2025-02-02 09:45:00,99816.68000000,99864.02000000,99588.24000000,99690.78000000,162.29951000
2025-02-02 10:00:00,99690.78000000,99694.72000000,99280.00000000,99280.00000000,286.72301000
2025-02-02 10:15:00,99280.01000000,99488.51000000,99200.00000000,99368.33000000,332.15946000
2025-02-02 10:30:00,99368.33000000,99514.05000000,99276.43000000,99469.48000000,159.09206000
2025-02-02 10:45:00,99469.49000000,99644.49000000,99386.00000000,99417.06000000,201.97704000
2025-02-02 11:00:00,99417.07000000,99604.00000000,99320.00000000,99343.18000000,172.59579000
2025-02-02 11:15:00,99343.18000000,99374.62000000,99000.00000000,99006.01000000,323.58512000
2025-02-02 11:30:00,99006.00000000,99272.70000000,98800.00000000,98828.00000000,489.48838000
2025-02-02 11:45:00,98828.00000000,99041.67000000,98645.00000000,98864.60000000,509.06777000
2025-02-02 12:00:00,98864.60000000,99166.19000000,98750.00000000,99136.15000000,282.70275000
2025-02-02 12:15:00,99136.16000000,99137.25000000,98742.13000000,98831.91000000,224.19308000
2025-02-02 12:30:00,98831.92000000,98831.92000000,98500.00000000,98692.82000000,359.69820000
2025-02-02 12:45:00,98692.82000000,98692.82000000,98157.00000000,98178.00000000,585.22648000
2025-02-02 13:00:00,98178.00000000,98646.26000000,98160.00000000,98542.87000000,346.34767000
2025-02-02 13:15:00,98542.87000000,98810.42000000,98431.37000000,98733.70000000,253.28048000
2025-02-02 13:30:00,98733.70000000,98796.00000000,98496.86000000,98704.23000000,650.05563000
2025-02-02 13:45:00,98704.23000000,98827.18000000,98484.20000000,98795.88000000,505.57566000
2025-02-02 14:00:00,98795.89000000,99325.77000000,98705.88000000,99272.12000000,414.84162000
2025-02-02 14:15:00,99272.13000000,99422.00000000,99120.91000000,99421.99000000,381.65993000
2025-02-02 14:30:00,99421.99000000,99439.05000000,99264.00000000,99351.33000000,222.62964000
2025-02-02 14:45:00,99351.33000000,99400.00000000,99172.72000000,99205.08000000,133.29110000
2025-02-02 15:00:00,99205.08000000,99264.00000000,98949.71000000,99077.24000000,259.56549000
2025-02-02 15:15:00,99077.24000000,99077.24000000,98824.00000000,98826.35000000,235.40939000
2025-02-02 15:30:00,98826.36000000,99371.42000000,98720.55000000,99127.03000000,221.53426000
2025-02-02 15:45:00,99127.03000000,99405.74000000,99076.93000000,99346.87000000,189.37454000
2025-02-02 16:00:00,99346.87000000,99361.97000000,98964.00000000,98993.02000000,235.82449000
2025-02-02 16:15:00,98993.02000000,99246.81000000,98816.56000000,98847.68000000,259.55675000
2025-02-02 16:30:00,98847.69000000,98954.89000000,98582.13000000,98589.29000000,377.06152000
2025-02-02 16:45:00,98589.28000000,98627.46000000,98075.02000000,98264.00000000,581.26169000
2025-02-02 17:00:00,98264.01000000,98580.38000000,98104.82000000,98203.09000000,485.59018000
2025-02-02 17:15:00,98203.09000000,98375.83000000,97632.58000000,97848.01000000,897.64177000
2025-02-02 17:30:00,97848.00000000,98128.00000000,97550.00000000,97740.68000000,822.90570000
2025-02-02 17:45:00,97740.68000000,97792.00000000,97019.00000000,97228.85000000,1006.31188000
2025-02-02 18:00:00,97228.86000000,97534.76000000,97019.00000000,97473.58000000,578.85576000
2025-02-02 18:15:00,97473.59000000,97931.65000000,97153.94000000,97831.99000000,580.64574000
2025-02-02 18:30:00,97831.99000000,97871.03000000,96862.02000000,97044.37000000,985.53829000
2025-02-02 18:45:00,97044.37000000,97467.52000000,96821.54000000,97087.92000000,702.69171000
2025-02-02 19:00:00,97087.92000000,97576.14000000,96842.33000000,97311.12000000,639.44162000
2025-02-02 19:15:00,97311.12000000,97578.00000000,97032.60000000,97521.73000000,435.90648000
2025-02-02 19:30:00,97521.73000000,98386.00000000,97508.00000000,98346.30000000,558.80452000
2025-02-02 19:45:00,98346.30000000,98700.00000000,98018.86000000,98273.16000000,547.69926000
2025-02-02 20:00:00,98273.17000000,98628.74000000,98207.72000000,98500.00000000,364.49739000
2025-02-02 20:15:00,98500.00000000,98562.79000000,98100.00000000,98171.56000000,181.56351000
2025-02-02 20:30:00,98171.56000000,98250.00000000,97832.22000000,97947.56000000,219.67626000
2025-02-02 20:45:00,97947.56000000,97947.56000000,97650.54000000,97798.00000000,217.96807000
2025-02-02 21:00:00,97798.01000000,97977.02000000,97530.33000000,97559.86000000,284.19614000
2025-02-02 21:15:00,97559.86000000,97619.99000000,96930.96000000,96948.20000000,368.24559000
2025-02-02 21:30:00,96948.20000000,97316.45000000,96573.47000000,96781.73000000,525.12678000
2025-02-02 21:45:00,96781.72000000,97095.84000000,96620.00000000,97020.54000000,440.56869000
2025-02-02 22:00:00,97020.56000000,97709.18000000,96980.96000000,97509.53000000,396.15207000
2025-02-02 22:15:00,97509.53000000,97732.30000000,97171.99000000,97409.03000000,267.00179000
2025-02-02 22:30:00,97409.03000000,97409.03000000,96150.00000000,97160.00000000,1038.71968000
2025-02-02 22:45:00,97159.99000000,98022.20000000,97078.89000000,97994.46000000,446.70536000
2025-02-02 23:00:00,97994.47000000,97994.47000000,97175.19000000,97719.17000000,657.05751000
2025-02-02 23:15:00,97719.17000000,97926.00000000,96543.10000000,97018.79000000,898.21905000
2025-02-02 23:30:00,97018.79000000,97637.27000000,96751.99000000,97326.08000000,736.97615000
2025-02-02 23:45:00,97326.09000000,97793.27000000,97300.00000000,97700.59000000,464.34901000
2025-02-03 00:00:00,97700.59000000,97782.79000000,97261.24000000,97314.01000000,540.20703000
2025-02-03 00:15:00,97314.00000000,97591.34000000,96060.00000000,97074.00000000,1168.76726000
2025-02-03 00:30:00,97073.99000000,97191.11000000,95500.00000000,95694.54000000,1486.60322000
2025-02-03 00:45:00,95694.53000000,96905.63000000,95604.49000000,96511.33000000,1825.13592000
2025-02-03 01:00:00,96511.33000000,96945.03000000,95782.00000000,95782.01000000,1074.37108000
2025-02-03 01:15:00,95782.00000000,95859.98000000,95054.16000000,95163.95000000,1543.72375000
2025-02-03 01:30:00,95161.49000000,95454.41000000,93814.07000000,94153.52000000,2298.09194000
2025-02-03 01:45:00,94153.52000000,94164.75000000,92000.00000000,93435.82000000,5615.04058000
2025-02-03 02:00:00,93436.97000000,94280.89000000,91231.00000000,94046.03000000,4594.35573000
2025-02-03 02:15:00,94046.03000000,94980.00000000,93558.74000000,93885.99000000,2630.82440000
2025-02-03 02:30:00,93885.99000000,94176.46000000,93243.50000000,93859.99000000,1709.79889000
2025-02-03 02:45:00,93860.00000000,94075.31000000,93311.10000000,93566.01000000,1660.38133000
2025-02-03 03:00:00,93566.00000000,94586.97000000,93426.49000000,94348.08000000,1215.32551000
2025-02-03 03:15:00,94348.07000000,94688.00000000,94280.21000000,94436.00000000,1083.65561000
2025-02-03 03:30:00,94436.00000000,94516.65000000,93776.00000000,93857.00000000,689.32592000
2025-02-03 03:45:00,93857.00000000,94262.79000000,93800.00000000,94038.74000000,593.88293000
2025-02-03 04:00:00,94038.75000000,94490.72000000,93763.38000000,93922.50000000,629.18121000
2025-02-03 04:15:00,93922.50000000,94134.53000000,93149.91000000,93352.95000000,492.06661000
2025-02-03 04:30:00,93352.95000000,93528.72000000,92838.78000000,93006.53000000,716.02867000
2025-02-03 04:45:00,93006.53000000,93490.69000000,92646.36000000,92786.53000000,623.61267000
2025-02-03 05:00:00,92786.53000000,93205.81000000,92760.80000000,92910.96000000,496.19597000
2025-02-03 05:15:00,92910.95000000,93683.75000000,92873.08000000,93587.99000000,423.77999000
2025-02-03 05:30:00,93587.99000000,93960.00000000,93478.26000000,93619.36000000,403.97370000
2025-02-03 05:45:00,93619.37000000,94273.84000000,93565.14000000,94216.00000000,391.31119000
2025-02-03 06:00:00,94215.99000000,94250.00000000,93755.57000000,93938.97000000,372.50720000
2025-02-03 06:15:00,93938.97000000,94467.75000000,93810.81000000,94439.78000000,377.97125000
2025-02-03 06:30:00,94439.78000000,94600.00000000,93960.49000000,94006.01000000,583.15154000
2025-02-03 06:45:00,94006.01000000,94272.00000000,93657.33000000,93911.04000000,372.68999000
2025-02-03 07:00:00,93911.05000000,94204.73000000,93846.32000000,94015.13000000,309.56182000
2025-02-03 07:15:00,94015.13000000,94335.95000000,94015.13000000,94200.33000000,312.82119000
2025-02-03 07:30:00,94200.32000000,94687.50000000,94018.65000000,94575.97000000,379.91600000
2025-02-03 07:45:00,94575.96000000,95426.63000000,94461.54000000,95333.01000000,898.54900000
2025-02-03 08:00:00,95333.01000000,95400.00000000,94915.25000000,95400.00000000,592.26783000
2025-02-03 08:15:00,95399.99000000,95557.75000000,95047.22000000,95390.39000000,434.37852000
2025-02-03 08:30:00,95390.39000000,95634.39000000,94850.85000000,95022.38000000,499.07990000
2025-02-03 08:45:00,95022.38000000,95411.77000000,94967.32000000,95340.00000000,306.40009000
2025-02-03 09:00:00,95339.99000000,95879.67000000,95264.30000000,95800.02000000,531.49629000
2025-02-03 09:15:00,95800.03000000,95950.68000000,95285.71000000,95880.57000000,765.08699000
2025-02-03 09:30:00,95880.58000000,95926.00000000,95525.60000000,95736.00000000,371.32748000
2025-02-03 09:45:00,95735.99000000,95756.89000000,95222.03000000,95277.00000000,427.92764000
2025-02-03 10:00:00,95277.00000000,95428.58000000,95122.44000000,95260.65000000,274.79684000
2025-02-03 10:15:00,95260.64000000,95300.00000000,94799.29000000,95059.99000000,510.29008000
2025-02-03 10:30:00,95059.99000000,95428.58000000,94943.45000000,95360.77000000,331.53213000
2025-02-03 10:45:00,95360.77000000,95725.25000000,95260.86000000,95702.67000000,195.40090000
2025-02-03 11:00:00,95702.68000000,95716.21000000,95473.50000000,95590.99000000,229.64090000
2025-02-03 11:15:00,95590.98000000,95612.66000000,95305.20000000,95413.87000000,249.75472000
2025-02-03 11:30:00,95413.86000000,95413.86000000,95015.30000000,95117.71000000,280.53092000
2025-02-03 11:45:00,95117.71000000,95209.24000000,94953.60000000,95107.89000000,292.71348000
2025-02-03 12:00:00,95107.89000000,95347.00000000,94934.73000000,95310.99000000,406.05173000
2025-02-03 12:15:00,95310.99000000,95625.00000000,95242.42000000,95369.98000000,371.81740000
2025-02-03 12:30:00,95369.99000000,95422.00000000,95084.74000000,95224.49000000,301.67074000
2025-02-03 12:45:00,95224.50000000,95234.03000000,94757.22000000,94764.01000000,434.11923000
2025-02-03 13:00:00,94764.01000000,95111.85000000,94564.71000000,94708.86000000,494.00250000
2025-02-03 13:15:00,94708.87000000,94984.44000000,94367.92000000,94374.36000000,342.82264000
2025-02-03 13:30:00,94374.35000000,95390.30000000,94371.98000000,95352.71000000,486.62382000
2025-02-03 13:45:00,95352.70000000,95400.00000000,94663.95000000,94664.51000000,364.60834000
2025-02-03 14:00:00,94664.52000000,94744.79000000,94131.14000000,94507.29000000,594.36861000
2025-02-03 14:15:00,94507.28000000,94873.99000000,94238.32000000,94772.00000000,390.44247000
2025-02-03 14:30:00,94772.00000000,96511.64000000,94372.40000000,96150.84000000,2425.08805000
2025-02-03 14:45:00,96150.85000000,96702.12000000,95604.45000000,96589.50000000,1062.11783000
2025-02-03 15:00:00,96589.50000000,96964.10000000,96190.47000000,96726.11000000,1069.50097000
2025-02-03 15:15:00,96726.12000000,98555.00000000,96570.00000000,98339.99000000,2207.88854000
2025-02-03 15:30:00,98340.00000000,99000.00000000,97808.83000000,98648.80000000,1703.76851000
2025-02-03 15:45:00,98648.00000000,99500.00000000,98567.55000000,98842.00000000,1493.67069000
2025-02-03 16:00:00,98842.00000000,99041.89000000,98164.00000000,98478.06000000,1171.41995000
2025-02-03 16:15:00,98478.05000000,99010.65000000,98206.52000000,98696.99000000,610.93542000
2025-02-03 16:30:00,98696.99000000,99000.00000000,98447.20000000,98761.98000000,531.91630000
2025-02-03 16:45:00,98761.99000000,98968.00000000,98508.18000000,98543.08000000,581.53191000
2025-02-03 17:00:00,98543.08000000,98578.53000000,98038.58000000,98515.90000000,692.82328000
2025-02-03 17:15:00,98515.23000000,98919.03000000,98363.87000000,98524.79000000,429.88750000
2025-02-03 17:30:00,98524.79000000,98524.80000000,98045.18000000,98193.49000000,394.88596000
2025-02-03 17:45:00,98193.49000000,99313.09000000,98117.64000000,99206.38000000,1032.95589000
2025-02-03 18:00:00,99206.38000000,99529.00000000,98941.17000000,99070.00000000,560.19413000
2025-02-03 18:15:00,99070.00000000,99620.00000000,98962.00000000,99469.98000000,446.01007000
2025-02-03 18:30:00,99469.98000000,99856.79000000,99242.51000000,99620.50000000,617.56291000
2025-02-03 18:45:00,99620.73000000,99943.63000000,99457.65000000,99816.05000000,379.15852000
2025-02-03 19:00:00,99816.05000000,100124.63000000,99576.02000000,99946.13000000,715.78809000
2025-02-03 19:15:00,99946.14000000,100877.00000000,99936.00000000,100481.88000000,785.09215000
2025-02-03 19:30:00,100481.89000000,101238.00000000,100466.70000000,101237.99000000,602.81922000
2025-02-03 19:45:00,101238.00000000,101803.20000000,101212.01000000,101784.08000000,812.67965000
